src,dst,unsubscription
26af7b13-4a55-4e9b-91a5-4bdabc022276,b577281e-ab81-497b-a488-449b980dd18f,0
26af7b13-4a55-4e9b-91a5-4bdabc022276,fdc1e426-dcd1-40c0-a634-0c4f1339ab02,0
26af7b13-4a55-4e9b-91a5-4bdabc022276,fa67d868-c116-4cf1-b244-b0858e1c5b61,0
26af7b13-4a55-4e9b-91a5-4bdabc022276,965b0aae-287c-402d-8d71-74ddd4964d7a,0
26af7b13-4a55-4e9b-91a5-4bdabc022276,4701f8a3-a15c-4bda-afcc-a1eff02403c5,0
26af7b13-4a55-4e9b-91a5-4bdabc022276,e73673fe-4af4-4bf2-b78d-76766052f507,0
26af7b13-4a55-4e9b-91a5-4bdabc022276,3410a7fa-45d4-4b4e-b46b-ff6ca59b6abf,0
5a433f62-c173-4d37-9ef7-57940531a04a,b577281e-ab81-497b-a488-449b980dd18f,0
5a433f62-c173-4d37-9ef7-57940531a04a,fdc1e426-dcd1-40c0-a634-0c4f1339ab02,0
5a433f62-c173-4d37-9ef7-57940531a04a,fa67d868-c116-4cf1-b244-b0858e1c5b61,0
5a433f62-c173-4d37-9ef7-57940531a04a,965b0aae-287c-402d-8d71-74ddd4964d7a,0
5a433f62-c173-4d37-9ef7-57940531a04a,4701f8a3-a15c-4bda-afcc-a1eff02403c5,0
5a433f62-c173-4d37-9ef7-57940531a04a,e73673fe-4af4-4bf2-b78d-76766052f507,0
5a433f62-c173-4d37-9ef7-57940531a04a,3410a7fa-45d4-4b4e-b46b-ff6ca59b6abf,0
970f174d-281b-4472-9100-f47b8506ede5,b577281e-ab81-497b-a488-449b980dd18f,0
970f174d-281b-4472-9100-f47b8506ede5,fdc1e426-dcd1-40c0-a634-0c4f1339ab02,0
970f174d-281b-4472-9100-f47b8506ede5,fa67d868-c116-4cf1-b244-b0858e1c5b61,0
970f174d-281b-4472-9100-f47b8506ede5,965b0aae-287c-402d-8d71-74ddd4964d7a,0
970f174d-281b-4472-9100-f47b8506ede5,4701f8a3-a15c-4bda-afcc-a1eff02403c5,0
970f174d-281b-4472-9100-f47b8506ede5,e73673fe-4af4-4bf2-b78d-76766052f507,0
970f174d-281b-4472-9100-f47b8506ede5,3410a7fa-45d4-4b4e-b46b-ff6ca59b6abf,0
5f006e11-1851-48fd-9251-44ec1ba8770a,b577281e-ab81-497b-a488-449b980dd18f,0
5f006e11-1851-48fd-9251-44ec1ba8770a,fdc1e426-dcd1-40c0-a634-0c4f1339ab02,0
5f006e11-1851-48fd-9251-44ec1ba8770a,fa67d868-c116-4cf1-b244-b0858e1c5b61,0
5f006e11-1851-48fd-9251-44ec1ba8770a,965b0aae-287c-402d-8d71-74ddd4964d7a,0
5f006e11-1851-48fd-9251-44ec1ba8770a,4701f8a3-a15c-4bda-afcc-a1eff02403c5,0
5f006e11-1851-48fd-9251-44ec1ba8770a,e73673fe-4af4-4bf2-b78d-76766052f507,0
5f006e11-1851-48fd-9251-44ec1ba8770a,3410a7fa-45d4-4b4e-b46b-ff6ca59b6abf,0
50e62e17-57c5-4e66-8108-c97e8730945c,b577281e-ab81-497b-a488-449b980dd18f,0
50e62e17-57c5-4e66-8108-c97e8730945c,fdc1e426-dcd1-40c0-a634-0c4f1339ab02,0
50e62e17-57c5-4e66-8108-c97e8730945c,fa67d868-c116-4cf1-b244-b0858e1c5b61,0
50e62e17-57c5-4e66-8108-c97e8730945c,965b0aae-287c-402d-8d71-74ddd4964d7a,0
50e62e17-57c5-4e66-8108-c97e8730945c,4701f8a3-a15c-4bda-afcc-a1eff02403c5,0
50e62e17-57c5-4e66-8108-c97e8730945c,e73673fe-4af4-4bf2-b78d-76766052f507,0
50e62e17-57c5-4e66-8108-c97e8730945c,3410a7fa-45d4-4b4e-b46b-ff6ca59b6abf,0
7fb5d813-37cc-498c-8249-46622db49818,b577281e-ab81-497b-a488-449b980dd18f,0
7fb5d813-37cc-498c-8249-46622db49818,fdc1e426-dcd1-40c0-a634-0c4f1339ab02,0
7fb5d813-37cc-498c-8249-46622db49818,fa67d868-c116-4cf1-b244-b0858e1c5b61,0
7fb5d813-37cc-498c-8249-46622db49818,965b0aae-287c-402d-8d71-74ddd4964d7a,0
7fb5d813-37cc-498c-8249-46622db49818,4701f8a3-a15c-4bda-afcc-a1eff02403c5,0
7fb5d813-37cc-498c-8249-46622db49818,e73673fe-4af4-4bf2-b78d-76766052f507,0
7fb5d813-37cc-498c-8249-46622db49818,3410a7fa-45d4-4b4e-b46b-ff6ca59b6abf,0
640d3177-fab3-48a6-b697-57d47cc72314,b577281e-ab81-497b-a488-449b980dd18f,0
640d3177-fab3-48a6-b697-57d47cc72314,fdc1e426-dcd1-40c0-a634-0c4f1339ab02,0
640d3177-fab3-48a6-b697-57d47cc72314,fa67d868-c116-4cf1-b244-b0858e1c5b61,0
640d3177-fab3-48a6-b697-57d47cc72314,965b0aae-287c-402d-8d71-74ddd4964d7a,0
640d3177-fab3-48a6-b697-57d47cc72314,4701f8a3-a15c-4bda-afcc-a1eff02403c5,0
640d3177-fab3-48a6-b697-57d47cc72314,e73673fe-4af4-4bf2-b78d-76766052f507,0
640d3177-fab3-48a6-b697-57d47cc72314,3410a7fa-45d4-4b4e-b46b-ff6ca59b6abf,0
fd1453d1-a064-495c-b43e-f86dbbb86882,b577281e-ab81-497b-a488-449b980dd18f,0
fd1453d1-a064-495c-b43e-f86dbbb86882,fdc1e426-dcd1-40c0-a634-0c4f1339ab02,0
fd1453d1-a064-495c-b43e-f86dbbb86882,fa67d868-c116-4cf1-b244-b0858e1c5b61,0
fd1453d1-a064-495c-b43e-f86dbbb86882,965b0aae-287c-402d-8d71-74ddd4964d7a,0
fd1453d1-a064-495c-b43e-f86dbbb86882,4701f8a3-a15c-4bda-afcc-a1eff02403c5,0
fd1453d1-a064-495c-b43e-f86dbbb86882,e73673fe-4af4-4bf2-b78d-76766052f507,0
fd1453d1-a064-495c-b43e-f86dbbb86882,3410a7fa-45d4-4b4e-b46b-ff6ca59b6abf,0
3ef67e24-f124-44a8-8e79-587e8c6cf109,b577281e-ab81-497b-a488-449b980dd18f,0
3ef67e24-f124-44a8-8e79-587e8c6cf109,fdc1e426-dcd1-40c0-a634-0c4f1339ab02,0
3ef67e24-f124-44a8-8e79-587e8c6cf109,fa67d868-c116-4cf1-b244-b0858e1c5b61,0
3ef67e24-f124-44a8-8e79-587e8c6cf109,965b0aae-287c-402d-8d71-74ddd4964d7a,0
3ef67e24-f124-44a8-8e79-587e8c6cf109,4701f8a3-a15c-4bda-afcc-a1eff02403c5,0
3ef67e24-f124-44a8-8e79-587e8c6cf109,e73673fe-4af4-4bf2-b78d-76766052f507,0
3ef67e24-f124-44a8-8e79-587e8c6cf109,3410a7fa-45d4-4b4e-b46b-ff6ca59b6abf,0
326da57c-f3c1-440e-842d-35080dd9fdff,b577281e-ab81-497b-a488-449b980dd18f,0
326da57c-f3c1-440e-842d-35080dd9fdff,fdc1e426-dcd1-40c0-a634-0c4f1339ab02,0
326da57c-f3c1-440e-842d-35080dd9fdff,fa67d868-c116-4cf1-b244-b0858e1c5b61,0
326da57c-f3c1-440e-842d-35080dd9fdff,965b0aae-287c-402d-8d71-74ddd4964d7a,0
326da57c-f3c1-440e-842d-35080dd9fdff,4701f8a3-a15c-4bda-afcc-a1eff02403c5,0
326da57c-f3c1-440e-842d-35080dd9fdff,e73673fe-4af4-4bf2-b78d-76766052f507,0
326da57c-f3c1-440e-842d-35080dd9fdff,3410a7fa-45d4-4b4e-b46b-ff6ca59b6abf,0
b577281e-ab81-497b-a488-449b980dd18f,fdc1e426-dcd1-40c0-a634-0c4f1339ab02,1
b577281e-ab81-497b-a488-449b980dd18f,fa67d868-c116-4cf1-b244-b0858e1c5b61,1
b577281e-ab81-497b-a488-449b980dd18f,965b0aae-287c-402d-8d71-74ddd4964d7a,1
b577281e-ab81-497b-a488-449b980dd18f,4701f8a3-a15c-4bda-afcc-a1eff02403c5,1
b577281e-ab81-497b-a488-449b980dd18f,e73673fe-4af4-4bf2-b78d-76766052f507,1
b577281e-ab81-497b-a488-449b980dd18f,3410a7fa-45d4-4b4e-b46b-ff6ca59b6abf,1
b577281e-ab81-497b-a488-449b980dd18f,26af7b13-4a55-4e9b-91a5-4bdabc022276,0
b577281e-ab81-497b-a488-449b980dd18f,5a433f62-c173-4d37-9ef7-57940531a04a,0
b577281e-ab81-497b-a488-449b980dd18f,970f174d-281b-4472-9100-f47b8506ede5,0
b577281e-ab81-497b-a488-449b980dd18f,5f006e11-1851-48fd-9251-44ec1ba8770a,0
b577281e-ab81-497b-a488-449b980dd18f,50e62e17-57c5-4e66-8108-c97e8730945c,0
b577281e-ab81-497b-a488-449b980dd18f,7fb5d813-37cc-498c-8249-46622db49818,0
b577281e-ab81-497b-a488-449b980dd18f,640d3177-fab3-48a6-b697-57d47cc72314,0
b577281e-ab81-497b-a488-449b980dd18f,fd1453d1-a064-495c-b43e-f86dbbb86882,0
b577281e-ab81-497b-a488-449b980dd18f,3ef67e24-f124-44a8-8e79-587e8c6cf109,0
b577281e-ab81-497b-a488-449b980dd18f,326da57c-f3c1-440e-842d-35080dd9fdff,0
fdc1e426-dcd1-40c0-a634-0c4f1339ab02,b577281e-ab81-497b-a488-449b980dd18f,1
fdc1e426-dcd1-40c0-a634-0c4f1339ab02,fa67d868-c116-4cf1-b244-b0858e1c5b61,1
fdc1e426-dcd1-40c0-a634-0c4f1339ab02,965b0aae-287c-402d-8d71-74ddd4964d7a,1
fdc1e426-dcd1-40c0-a634-0c4f1339ab02,4701f8a3-a15c-4bda-afcc-a1eff02403c5,1
fdc1e426-dcd1-40c0-a634-0c4f1339ab02,e73673fe-4af4-4bf2-b78d-76766052f507,1
fdc1e426-dcd1-40c0-a634-0c4f1339ab02,3410a7fa-45d4-4b4e-b46b-ff6ca59b6abf,1
fdc1e426-dcd1-40c0-a634-0c4f1339ab02,26af7b13-4a55-4e9b-91a5-4bdabc022276,0
fdc1e426-dcd1-40c0-a634-0c4f1339ab02,5a433f62-c173-4d37-9ef7-57940531a04a,0
fdc1e426-dcd1-40c0-a634-0c4f1339ab02,970f174d-281b-4472-9100-f47b8506ede5,0
fdc1e426-dcd1-40c0-a634-0c4f1339ab02,5f006e11-1851-48fd-9251-44ec1ba8770a,0
fdc1e426-dcd1-40c0-a634-0c4f1339ab02,50e62e17-57c5-4e66-8108-c97e8730945c,0
fdc1e426-dcd1-40c0-a634-0c4f1339ab02,7fb5d813-37cc-498c-8249-46622db49818,0
fdc1e426-dcd1-40c0-a634-0c4f1339ab02,640d3177-fab3-48a6-b697-57d47cc72314,0
fdc1e426-dcd1-40c0-a634-0c4f1339ab02,fd1453d1-a064-495c-b43e-f86dbbb86882,0
fdc1e426-dcd1-40c0-a634-0c4f1339ab02,3ef67e24-f124-44a8-8e79-587e8c6cf109,0
fdc1e426-dcd1-40c0-a634-0c4f1339ab02,326da57c-f3c1-440e-842d-35080dd9fdff,0
fa67d868-c116-4cf1-b244-b0858e1c5b61,b577281e-ab81-497b-a488-449b980dd18f,1
fa67d868-c116-4cf1-b244-b0858e1c5b61,fdc1e426-dcd1-40c0-a634-0c4f1339ab02,1
fa67d868-c116-4cf1-b244-b0858e1c5b61,965b0aae-287c-402d-8d71-74ddd4964d7a,1
fa67d868-c116-4cf1-b244-b0858e1c5b61,4701f8a3-a15c-4bda-afcc-a1eff02403c5,1
fa67d868-c116-4cf1-b244-b0858e1c5b61,e73673fe-4af4-4bf2-b78d-76766052f507,1
fa67d868-c116-4cf1-b244-b0858e1c5b61,3410a7fa-45d4-4b4e-b46b-ff6ca59b6abf,1
fa67d868-c116-4cf1-b244-b0858e1c5b61,26af7b13-4a55-4e9b-91a5-4bdabc022276,0
fa67d868-c116-4cf1-b244-b0858e1c5b61,5a433f62-c173-4d37-9ef7-57940531a04a,0
fa67d868-c116-4cf1-b244-b0858e1c5b61,970f174d-281b-4472-9100-f47b8506ede5,0
fa67d868-c116-4cf1-b244-b0858e1c5b61,5f006e11-1851-48fd-9251-44ec1ba8770a,0
fa67d868-c116-4cf1-b244-b0858e1c5b61,50e62e17-57c5-4e66-8108-c97e8730945c,0
fa67d868-c116-4cf1-b244-b0858e1c5b61,7fb5d813-37cc-498c-8249-46622db49818,0
fa67d868-c116-4cf1-b244-b0858e1c5b61,640d3177-fab3-48a6-b697-57d47cc72314,0
fa67d868-c116-4cf1-b244-b0858e1c5b61,fd1453d1-a064-495c-b43e-f86dbbb86882,0
fa67d868-c116-4cf1-b244-b0858e1c5b61,3ef67e24-f124-44a8-8e79-587e8c6cf109,0
fa67d868-c116-4cf1-b244-b0858e1c5b61,326da57c-f3c1-440e-842d-35080dd9fdff,0
965b0aae-287c-402d-8d71-74ddd4964d7a,b577281e-ab81-497b-a488-449b980dd18f,1
965b0aae-287c-402d-8d71-74ddd4964d7a,fdc1e426-dcd1-40c0-a634-0c4f1339ab02,1
965b0aae-287c-402d-8d71-74ddd4964d7a,fa67d868-c116-4cf1-b244-b0858e1c5b61,1
965b0aae-287c-402d-8d71-74ddd4964d7a,4701f8a3-a15c-4bda-afcc-a1eff02403c5,1
965b0aae-287c-402d-8d71-74ddd4964d7a,e73673fe-4af4-4bf2-b78d-76766052f507,1
965b0aae-287c-402d-8d71-74ddd4964d7a,3410a7fa-45d4-4b4e-b46b-ff6ca59b6abf,1
965b0aae-287c-402d-8d71-74ddd4964d7a,26af7b13-4a55-4e9b-91a5-4bdabc022276,0
965b0aae-287c-402d-8d71-74ddd4964d7a,5a433f62-c173-4d37-9ef7-57940531a04a,0
965b0aae-287c-402d-8d71-74ddd4964d7a,970f174d-281b-4472-9100-f47b8506ede5,0
965b0aae-287c-402d-8d71-74ddd4964d7a,5f006e11-1851-48fd-9251-44ec1ba8770a,0
965b0aae-287c-402d-8d71-74ddd4964d7a,50e62e17-57c5-4e66-8108-c97e8730945c,0
965b0aae-287c-402d-8d71-74ddd4964d7a,7fb5d813-37cc-498c-8249-46622db49818,0
965b0aae-287c-402d-8d71-74ddd4964d7a,640d3177-fab3-48a6-b697-57d47cc72314,0
965b0aae-287c-402d-8d71-74ddd4964d7a,fd1453d1-a064-495c-b43e-f86dbbb86882,0
965b0aae-287c-402d-8d71-74ddd4964d7a,3ef67e24-f124-44a8-8e79-587e8c6cf109,0
965b0aae-287c-402d-8d71-74ddd4964d7a,326da57c-f3c1-440e-842d-35080dd9fdff,0
4701f8a3-a15c-4bda-afcc-a1eff02403c5,b577281e-ab81-497b-a488-449b980dd18f,1
4701f8a3-a15c-4bda-afcc-a1eff02403c5,fdc1e426-dcd1-40c0-a634-0c4f1339ab02,1
4701f8a3-a15c-4bda-afcc-a1eff02403c5,fa67d868-c116-4cf1-b244-b0858e1c5b61,1
4701f8a3-a15c-4bda-afcc-a1eff02403c5,965b0aae-287c-402d-8d71-74ddd4964d7a,1
4701f8a3-a15c-4bda-afcc-a1eff02403c5,e73673fe-4af4-4bf2-b78d-76766052f507,1
4701f8a3-a15c-4bda-afcc-a1eff02403c5,3410a7fa-45d4-4b4e-b46b-ff6ca59b6abf,1
4701f8a3-a15c-4bda-afcc-a1eff02403c5,26af7b13-4a55-4e9b-91a5-4bdabc022276,0
4701f8a3-a15c-4bda-afcc-a1eff02403c5,5a433f62-c173-4d37-9ef7-57940531a04a,0
4701f8a3-a15c-4bda-afcc-a1eff02403c5,970f174d-281b-4472-9100-f47b8506ede5,0
4701f8a3-a15c-4bda-afcc-a1eff02403c5,5f006e11-1851-48fd-9251-44ec1ba8770a,0
4701f8a3-a15c-4bda-afcc-a1eff02403c5,50e62e17-57c5-4e66-8108-c97e8730945c,0
4701f8a3-a15c-4bda-afcc-a1eff02403c5,7fb5d813-37cc-498c-8249-46622db49818,0
4701f8a3-a15c-4bda-afcc-a1eff02403c5,640d3177-fab3-48a6-b697-57d47cc72314,0
4701f8a3-a15c-4bda-afcc-a1eff02403c5,fd1453d1-a064-495c-b43e-f86dbbb86882,0
4701f8a3-a15c-4bda-afcc-a1eff02403c5,3ef67e24-f124-44a8-8e79-587e8c6cf109,0
4701f8a3-a15c-4bda-afcc-a1eff02403c5,326da57c-f3c1-440e-842d-35080dd9fdff,0
e73673fe-4af4-4bf2-b78d-76766052f507,b577281e-ab81-497b-a488-449b980dd18f,1
e73673fe-4af4-4bf2-b78d-76766052f507,fdc1e426-dcd1-40c0-a634-0c4f1339ab02,1
e73673fe-4af4-4bf2-b78d-76766052f507,fa67d868-c116-4cf1-b244-b0858e1c5b61,1
e73673fe-4af4-4bf2-b78d-76766052f507,965b0aae-287c-402d-8d71-74ddd4964d7a,1
e73673fe-4af4-4bf2-b78d-76766052f507,4701f8a3-a15c-4bda-afcc-a1eff02403c5,1
e73673fe-4af4-4bf2-b78d-76766052f507,3410a7fa-45d4-4b4e-b46b-ff6ca59b6abf,1
e73673fe-4af4-4bf2-b78d-76766052f507,26af7b13-4a55-4e9b-91a5-4bdabc022276,0
e73673fe-4af4-4bf2-b78d-76766052f507,5a433f62-c173-4d37-9ef7-57940531a04a,0
e73673fe-4af4-4bf2-b78d-76766052f507,970f174d-281b-4472-9100-f47b8506ede5,0
e73673fe-4af4-4bf2-b78d-76766052f507,5f006e11-1851-48fd-9251-44ec1ba8770a,0
e73673fe-4af4-4bf2-b78d-76766052f507,50e62e17-57c5-4e66-8108-c97e8730945c,0
e73673fe-4af4-4bf2-b78d-76766052f507,7fb5d813-37cc-498c-8249-46622db49818,0
e73673fe-4af4-4bf2-b78d-76766052f507,640d3177-fab3-48a6-b697-57d47cc72314,0
e73673fe-4af4-4bf2-b78d-76766052f507,fd1453d1-a064-495c-b43e-f86dbbb86882,0
e73673fe-4af4-4bf2-b78d-76766052f507,3ef67e24-f124-44a8-8e79-587e8c6cf109,0
e73673fe-4af4-4bf2-b78d-76766052f507,326da57c-f3c1-440e-842d-35080dd9fdff,0
3410a7fa-45d4-4b4e-b46b-ff6ca59b6abf,b577281e-ab81-497b-a488-449b980dd18f,1
3410a7fa-45d4-4b4e-b46b-ff6ca59b6abf,fdc1e426-dcd1-40c0-a634-0c4f1339ab02,1
3410a7fa-45d4-4b4e-b46b-ff6ca59b6abf,fa67d868-c116-4cf1-b244-b0858e1c5b61,1
3410a7fa-45d4-4b4e-b46b-ff6ca59b6abf,965b0aae-287c-402d-8d71-74ddd4964d7a,1
3410a7fa-45d4-4b4e-b46b-ff6ca59b6abf,4701f8a3-a15c-4bda-afcc-a1eff02403c5,1
3410a7fa-45d4-4b4e-b46b-ff6ca59b6abf,e73673fe-4af4-4bf2-b78d-76766052f507,1
3410a7fa-45d4-4b4e-b46b-ff6ca59b6abf,26af7b13-4a55-4e9b-91a5-4bdabc022276,0
3410a7fa-45d4-4b4e-b46b-ff6ca59b6abf,5a433f62-c173-4d37-9ef7-57940531a04a,0
3410a7fa-45d4-4b4e-b46b-ff6ca59b6abf,970f174d-281b-4472-9100-f47b8506ede5,0
3410a7fa-45d4-4b4e-b46b-ff6ca59b6abf,5f006e11-1851-48fd-9251-44ec1ba8770a,0
3410a7fa-45d4-4b4e-b46b-ff6ca59b6abf,50e62e17-57c5-4e66-8108-c97e8730945c,0
3410a7fa-45d4-4b4e-b46b-ff6ca59b6abf,7fb5d813-37cc-498c-8249-46622db49818,0
3410a7fa-45d4-4b4e-b46b-ff6ca59b6abf,640d3177-fab3-48a6-b697-57d47cc72314,0
3410a7fa-45d4-4b4e-b46b-ff6ca59b6abf,fd1453d1-a064-495c-b43e-f86dbbb86882,0
3410a7fa-45d4-4b4e-b46b-ff6ca59b6abf,3ef67e24-f124-44a8-8e79-587e8c6cf109,0
3410a7fa-45d4-4b4e-b46b-ff6ca59b6abf,326da57c-f3c1-440e-842d-35080dd9fdff,0
94b92302-c1c8-4012-89bb-fa603669f6bb,b577281e-ab81-497b-a488-449b980dd18f,0
94b92302-c1c8-4012-89bb-fa603669f6bb,fdc1e426-dcd1-40c0-a634-0c4f1339ab02,0
94b92302-c1c8-4012-89bb-fa603669f6bb,fa67d868-c116-4cf1-b244-b0858e1c5b61,0
94b92302-c1c8-4012-89bb-fa603669f6bb,965b0aae-287c-402d-8d71-74ddd4964d7a,0
94b92302-c1c8-4012-89bb-fa603669f6bb,4701f8a3-a15c-4bda-afcc-a1eff02403c5,0
94b92302-c1c8-4012-89bb-fa603669f6bb,e73673fe-4af4-4bf2-b78d-76766052f507,0
94b92302-c1c8-4012-89bb-fa603669f6bb,3410a7fa-45d4-4b4e-b46b-ff6ca59b6abf,0
a4c6a47a-428e-475b-95f3-a25058a4ec8b,b577281e-ab81-497b-a488-449b980dd18f,0
a4c6a47a-428e-475b-95f3-a25058a4ec8b,fdc1e426-dcd1-40c0-a634-0c4f1339ab02,0
a4c6a47a-428e-475b-95f3-a25058a4ec8b,fa67d868-c116-4cf1-b244-b0858e1c5b61,0
a4c6a47a-428e-475b-95f3-a25058a4ec8b,965b0aae-287c-402d-8d71-74ddd4964d7a,0
a4c6a47a-428e-475b-95f3-a25058a4ec8b,4701f8a3-a15c-4bda-afcc-a1eff02403c5,0
a4c6a47a-428e-475b-95f3-a25058a4ec8b,e73673fe-4af4-4bf2-b78d-76766052f507,0
a4c6a47a-428e-475b-95f3-a25058a4ec8b,3410a7fa-45d4-4b4e-b46b-ff6ca59b6abf,0
098392c8-0862-4300-bcfb-75656b28ae21,b577281e-ab81-497b-a488-449b980dd18f,0
098392c8-0862-4300-bcfb-75656b28ae21,fdc1e426-dcd1-40c0-a634-0c4f1339ab02,0
098392c8-0862-4300-bcfb-75656b28ae21,fa67d868-c116-4cf1-b244-b0858e1c5b61,0
098392c8-0862-4300-bcfb-75656b28ae21,965b0aae-287c-402d-8d71-74ddd4964d7a,0
098392c8-0862-4300-bcfb-75656b28ae21,4701f8a3-a15c-4bda-afcc-a1eff02403c5,0
098392c8-0862-4300-bcfb-75656b28ae21,e73673fe-4af4-4bf2-b78d-76766052f507,0
098392c8-0862-4300-bcfb-75656b28ae21,3410a7fa-45d4-4b4e-b46b-ff6ca59b6abf,0
a20260dd-5cd1-4161-b5e4-758013c220cf,b577281e-ab81-497b-a488-449b980dd18f,0
a20260dd-5cd1-4161-b5e4-758013c220cf,fdc1e426-dcd1-40c0-a634-0c4f1339ab02,0
a20260dd-5cd1-4161-b5e4-758013c220cf,fa67d868-c116-4cf1-b244-b0858e1c5b61,0
a20260dd-5cd1-4161-b5e4-758013c220cf,965b0aae-287c-402d-8d71-74ddd4964d7a,0
a20260dd-5cd1-4161-b5e4-758013c220cf,4701f8a3-a15c-4bda-afcc-a1eff02403c5,0
a20260dd-5cd1-4161-b5e4-758013c220cf,e73673fe-4af4-4bf2-b78d-76766052f507,0
a20260dd-5cd1-4161-b5e4-758013c220cf,3410a7fa-45d4-4b4e-b46b-ff6ca59b6abf,0
72d6c603-0220-40c3-b3af-9b95f5259709,b577281e-ab81-497b-a488-449b980dd18f,0
72d6c603-0220-40c3-b3af-9b95f5259709,fdc1e426-dcd1-40c0-a634-0c4f1339ab02,0
72d6c603-0220-40c3-b3af-9b95f5259709,fa67d868-c116-4cf1-b244-b0858e1c5b61,0
72d6c603-0220-40c3-b3af-9b95f5259709,965b0aae-287c-402d-8d71-74ddd4964d7a,0
72d6c603-0220-40c3-b3af-9b95f5259709,4701f8a3-a15c-4bda-afcc-a1eff02403c5,0
72d6c603-0220-40c3-b3af-9b95f5259709,e73673fe-4af4-4bf2-b78d-76766052f507,0
72d6c603-0220-40c3-b3af-9b95f5259709,3410a7fa-45d4-4b4e-b46b-ff6ca59b6abf,0
2f7538e1-7aad-4e2d-a30f-4e2739642ef8,b577281e-ab81-497b-a488-449b980dd18f,0
2f7538e1-7aad-4e2d-a30f-4e2739642ef8,fdc1e426-dcd1-40c0-a634-0c4f1339ab02,0
2f7538e1-7aad-4e2d-a30f-4e2739642ef8,fa67d868-c116-4cf1-b244-b0858e1c5b61,0
2f7538e1-7aad-4e2d-a30f-4e2739642ef8,965b0aae-287c-402d-8d71-74ddd4964d7a,0
2f7538e1-7aad-4e2d-a30f-4e2739642ef8,4701f8a3-a15c-4bda-afcc-a1eff02403c5,0
2f7538e1-7aad-4e2d-a30f-4e2739642ef8,e73673fe-4af4-4bf2-b78d-76766052f507,0
2f7538e1-7aad-4e2d-a30f-4e2739642ef8,3410a7fa-45d4-4b4e-b46b-ff6ca59b6abf,0
137d52d0-8043-4c7f-af18-df17817f6319,b577281e-ab81-497b-a488-449b980dd18f,0
137d52d0-8043-4c7f-af18-df17817f6319,fdc1e426-dcd1-40c0-a634-0c4f1339ab02,0
137d52d0-8043-4c7f-af18-df17817f6319,fa67d868-c116-4cf1-b244-b0858e1c5b61,0
137d52d0-8043-4c7f-af18-df17817f6319,965b0aae-287c-402d-8d71-74ddd4964d7a,0
137d52d0-8043-4c7f-af18-df17817f6319,4701f8a3-a15c-4bda-afcc-a1eff02403c5,0
137d52d0-8043-4c7f-af18-df17817f6319,e73673fe-4af4-4bf2-b78d-76766052f507,0
137d52d0-8043-4c7f-af18-df17817f6319,3410a7fa-45d4-4b4e-b46b-ff6ca59b6abf,0
